{
	"Asia": [
		{
			"img": "",
			"name": ""
		},
		{
			"img": "",
			"name": ""
		},
		{
			"img": "",
			"name": ""
		},
		{
			"img": "",
			"name": ""
		},
		{
			"img": "",
			"name": ""
		},
		{
			"img": "",
			"name": ""
		},
		{
			"img": "",
			"name": ""
		},
		{
			"img": "",
			"name": ""
		},
		{
			"img": "",
			"name": ""
		},
		{
			"img": "",
			"name": ""
		},
		{
			"img": "",
			"name": ""
		},
		{
			"img": "",
			"name": ""
		},
		{
			"img": "",
			"name": ""
		},
		{
			"img": "",
			"name": ""
		},
		{
			"img": "",
			"name": ""
		},
		{
			"img": "",
			"name": ""
		},
		{
			"img": "",
			"name": ""
		},
		{
			"img": "",
			"name": ""
		},
		{
			"img": "",
			"name": ""
		},
		{
			"img": "",
			"name": ""
		},
		{
			"img": "",
			"name": ""
		},
		{
			"img": "",
			"name": ""
		},
		{
			"img": "",
			"name": ""
		},
		{
			"img": "",
			"name": ""
		},
		{
			"img": "",
			"name": ""
		},
		{
			"img": "",
			"name": ""
		},
		{
			"img": "",
			"name": ""
		}
	],
	"Asia[0]": {
		"img": "/images/nationalFlag/DNS Lookup - Bunny Tools 45.png",
		"name": "Almaty, KZ"
	},
	"Asia[1]": {
		"img": "/images/nationalFlag/DNS Lookup - Bunny Tools 44.png",
		"name": "Baku, AZ"
	},
	"Asia[2]": {
		"img": "/images/nationalFlag/DNS Lookup - Bunny Tools 43.png",
		"name": "Bangalore, IN"
	},
	"Asia[3]": {
		"img": "/images/nationalFlag/DNS Lookup - Bunny Tools 43.png",
		"name": "Chennai, IN"
	},
	"Asia[4]": {
		"img": "/images/nationalFlag/DNS Lookup - Bunny Tools 42.png",
		"name": "Dhaka, BD"
	},
	"Asia[5]": {
		"img": "/images/nationalFlag/DNS Lookup - Bunny Tools 41.png",
		"name": "Ho Chi Minh, VN"
	},
	"Asia[6]": {
		"img": "/images/nationalFlag/DNS Lookup - Bunny Tools 40.png",
		"name": "Hong Kong, HK"
	},
	"Asia[7]": {
		"img": "/images/nationalFlag/DNS Lookup - Bunny Tools 39.png",
		"name": "Istanbul, TR"
	},
	"Asia[8]": {
		"img": "/images/nationalFlag/DNS Lookup - Bunny Tools 38.png",
		"name": "Jakarta, ID"
	},
	"Asia[9]": {
		"img": "/images/nationalFlag/DNS Lookup - Bunny Tools 37.png",
		"name": "Karachi, PK"
	},
	"Asia[10]": {
		"img": "/images/nationalFlag/DNS Lookup - Bunny Tools 36.png",
		"name": "Kathmandu, NP"
	},
	"Asia[11]": {
		"img": "/images/nationalFlag/DNS Lookup - Bunny Tools 35.png",
		"name": "Kuala Lumpur, MY"
	},
	"Asia[12]": {
		"img": "/images/nationalFlag/DNS Lookup - Bunny Tools 34.png",
		"name": "Manila, PH"
	},
	"Asia[13]": {
		"img": "/images/nationalFlag/DNS Lookup - Bunny Tools 43.png",
		"name": "Mumbai, IN"
	},
	"Asia[14]": {
		"img": "/images/nationalFlag/DNS Lookup - Bunny Tools 43.png",
		"name": "New Delhi, IN"
	},
	"Asia[15]": {
		"img": "/images/nationalFlag/DNS Lookup - Bunny Tools 33.png",
		"name": "Nicosia, CY"
	},
	"Asia[16]": {
		"img": "/images/nationalFlag/DNS Lookup - Bunny Tools 32.png",
		"name": "Phnom Penh, KH"
	},
	"Asia[17]": {
		"img": "/images/nationalFlag/DNS Lookup - Bunny Tools 31.png",
		"name": "Seoul, KR"
	},
	"Asia[18]": {
		"img": "/images/nationalFlag/DNS Lookup - Bunny Tools 30.png",
		"name": "Singapore, SG"
	},
	"Asia[19]": {
		"img": "/images/nationalFlag/DNS Lookup - Bunny Tools 29.png",
		"name": "Taipei, TW"
	},
	"Asia[20]": {
		"img": "/images/nationalFlag/DNS Lookup - Bunny Tools 28.png",
		"name": "Tbilisi, GE"
	},
	"Asia[21]": {
		"img": "/images/nationalFlag/DNS Lookup - Bunny Tools 27.png",
		"name": "Tel Aviv, IL"
	},
	"Asia[22]": {
		"img": "/images/nationalFlag/DNS Lookup - Bunny Tools 26.png",
		"name": "Tokyo, JP"
	},
	"Asia[23]": {
		"img": "/images/nationalFlag/DNS Lookup - Bunny Tools 25.png",
		"name": "Ulaanbaatar, MN"
	},
	"Asia[24]": {
		"img": "/images/nationalFlag/DNS Lookup - Bunny Tools 24.png",
		"name": "Yangon, MM"
	},
	"Asia[25]": {
		"img": "/images/nationalFlag/DNS Lookup - Bunny Tools 23.png",
		"name": "Yerevan, AM"
	},
	"Asia[26]": {
		"img": "/images/nationalFlag/DNS Lookup - Bunny Tools 22.png",
		"name": "Hagatna: GU"
	},
	"BennerList": [
		{
			"img": "",
			"name": ""
		},
		{
			"img": "",
			"name": ""
		},
		{
			"img": "",
			"name": ""
		},
		{
			"img": "",
			"name": ""
		},
		{
			"img": "",
			"name": ""
		},
		{
			"img": "",
			"name": ""
		}
	],
	"BennerList[0]": {
		"img": "/images/nationalFlag/DNS Lookup - Bunny Tools 67.png",
		"name": "Frankfurt"
	},
	"BennerList[1]": {
		"img": "/images/nationalFlag/DNS Lookup - Bunny Tools 62.png",
		"name": "London, UK"
	},
	"BennerList[2]": {
		"img": "/images/nationalFlag/DNS Lookup - Bunny Tools 79.png",
		"name": "New York"
	},
	"BennerList[3]": {
		"img": "/images/nationalFlag/DNS Lookup - Bunny Tools 79.png",
		"name": "Los Angeles"
	},
	"BennerList[4]": {
		"img": "/images/nationalFlag/DNS Lookup - Bunny Tools 30.png",
		"name": "Singapore"
	},
	"BennerList[5]": {
		"img": "/images/nationalFlag/DNS Lookup - Bunny Tools 26.png",
		"name": "Tokyo"
	},
	"continentName": [
		"",
		"",
		"",
		"",
		"",
		""
	],
	"continentName[0]": "North America",
	"continentName[1]": "Europe",
	"continentName[2]": "Asia",
	"continentName[3]": "Oceania",
	"continentName[4]": "South America",
	"continentName[5]": "Middle East",
	"Europe": [
		{
			"img": "",
			"name": ""
		},
		{
			"img": "",
			"name": ""
		},
		{
			"img": "",
			"name": ""
		},
		{
			"img": "",
			"name": ""
		},
		{
			"img": "",
			"name": ""
		},
		{
			"img": "",
			"name": ""
		},
		{
			"img": "",
			"name": ""
		},
		{
			"img": "",
			"name": ""
		},
		{
			"img": "",
			"name": ""
		},
		{
			"img": "",
			"name": ""
		},
		{
			"img": "",
			"name": ""
		},
		{
			"img": "",
			"name": ""
		},
		{
			"img": "",
			"name": ""
		},
		{
			"img": "",
			"name": ""
		},
		{
			"img": "",
			"name": ""
		},
		{
			"img": "",
			"name": ""
		},
		{
			"img": "",
			"name": ""
		},
		{
			"img": "",
			"name": ""
		},
		{
			"img": "",
			"name": ""
		},
		{
			"img": "",
			"name": ""
		},
		{
			"img": "",
			"name": ""
		},
		{
			"img": "",
			"name": ""
		},
		{
			"img": "",
			"name": ""
		},
		{
			"img": "",
			"name": ""
		},
		{
			"img": "",
			"name": ""
		},
		{
			"img": "",
			"name": ""
		},
		{
			"img": "",
			"name": ""
		},
		{
			"img": "",
			"name": ""
		},
		{
			"img": "",
			"name": ""
		},
		{
			"img": "",
			"name": ""
		},
		{
			"img": "",
			"name": ""
		},
		{
			"img": "",
			"name": ""
		},
		{
			"img": "",
			"name": ""
		}
	],
	"Europe[0]": {
		"img": "/images/nationalFlag/DNS Lookup - Bunny Tools 76.png",
		"name": "Amsterdam, NL"
	},
	"Europe[1]": {
		"img": "/images/nationalFlag/DNS Lookup - Bunny Tools 75.png",
		"name": "Athens, GR"
	},
	"Europe[2]": {
		"img": "/images/nationalFlag/DNS Lookup - Bunny Tools 74.png",
		"name": "Belgrade, RS"
	},
	"Europe[3]": {
		"img": "/images/nationalFlag/DNS Lookup - Bunny Tools 73.png",
		"name": "Bratislava, SK"
	},
	"Europe[4]": {
		"img": "/images/nationalFlag/DNS Lookup - Bunny Tools 71.png",
		"name": "Brussels, BE"
	},
	"Europe[5]": {
		"img": "/images/nationalFlag/DNS Lookup - Bunny Tools 77.png",
		"name": "Bucharest, RO"
	},
	"Europe[6]": {
		"img": "/images/nationalFlag/DNS Lookup - Bunny Tools 72.png",
		"name": "Budapest, HU"
	},
	"Europe[7]": {
		"img": "/images/nationalFlag/DNS Lookup - Bunny Tools 70.png",
		"name": "Chisinau, MD"
	},
	"Europe[8]": {
		"img": "/images/nationalFlag/DNS Lookup - Bunny Tools@2x.png",
		"name": "Copenhagen, DK"
	},
	"Europe[9]": {
		"img": "/images/nationalFlag/DNS Lookup - Bunny Tools 68.png",
		"name": "Dublin, IE"
	},
	"Europe[10]": {
		"img": "/images/nationalFlag/DNS Lookup - Bunny Tools 67.png",
		"name": "Frankfurt, DE"
	},
	"Europe[11]": {
		"img": "/images/nationalFlag/DNS Lookup - Bunny Tools 66.png",
		"name": "Helsinki, FI"
	},
	"Europe[12]": {
		"img": "/images/nationalFlag/DNS Lookup - Bunny Tools 65.png",
		"name": "Keflavik, IS"
	},
	"Europe[13]": {
		"img": "/images/nationalFlag/DNS Lookup - Bunny Tools 64.png",
		"name": "Kyiv, UA"
	},
	"Europe[14]": {
		"img": "/images/nationalFlag/DNS Lookup - Bunny Tools 63.png",
		"name": "Lisbon, PT"
	},
	"Europe[15]": {
		"img": "/images/nationalFlag/DNS Lookup - Bunny Tools 62.png",
		"name": "London, UK"
	},
	"Europe[16]": {
		"img": "/images/nationalFlag/DNS Lookup - Bunny Tools 61.png",
		"name": "Luxembourg, LU"
	},
	"Europe[17]": {
		"img": "/images/nationalFlag/DNS Lookup - Bunny Tools 60.png",
		"name": "Madrid, ES"
	},
	"Europe[18]": {
		"img": "/images/nationalFlag/DNS Lookup - Bunny Tools 59.png",
		"name": "Marseille, FR"
	},
	"Europe[19]": {
		"img": "/images/nationalFlag/DNS Lookup - Bunny Tools 58.png",
		"name": "Milan, IT"
	},
	"Europe[20]": {
		"img": "/images/nationalFlag/DNS Lookup - Bunny Tools 57.png",
		"name": "Moscow, RU"
	},
	"Europe[21]": {
		"img": "/images/nationalFlag/DNS Lookup - Bunny Tools 56.png",
		"name": "Novi Travnik, BA"
	},
	"Europe[22]": {
		"img": "/images/nationalFlag/DNS Lookup - Bunny Tools 55.png",
		"name": "Oslo, NO"
	},
	"Europe[23]": {
		"img": "/images/nationalFlag/DNS Lookup - Bunny Tools 59.png",
		"name": "Paris, FR"
	},
	"Europe[24]": {
		"img": "/images/nationalFlag/DNS Lookup - Bunny Tools 54.png",
		"name": "Prague, CZ"
	},
	"Europe[25]": {
		"img": "/images/nationalFlag/DNS Lookup - Bunny Tools 53.png",
		"name": "Riga, LV"
	},
	"Europe[26]": {
		"img": "/images/nationalFlag/DNS Lookup - Bunny Tools 52.png",
		"name": "Sofia, BG"
	},
	"Europe[27]": {
		"img": "/images/nationalFlag/DNS Lookup - Bunny Tools 51.png",
		"name": "Stockholm, SE"
	},
	"Europe[28]": {
		"img": "/images/nationalFlag/DNS Lookup - Bunny Tools 50.png",
		"name": "Vienna, AT"
	},
	"Europe[29]": {
		"img": "/images/nationalFlag/DNS Lookup - Bunny Tools 49.png",
		"name": "Vilnius, LT"
	},
	"Europe[30]": {
		"img": "/images/nationalFlag/DNS Lookup - Bunny Tools 48.png",
		"name": "Warsaw, PL"
	},
	"Europe[31]": {
		"img": "/images/nationalFlag/DNS Lookup - Bunny Tools 47.png",
		"name": "Zagreb, HR"
	},
	"Europe[32]": {
		"img": "/images/nationalFlag/DNS Lookup - Bunny Tools 46.png",
		"name": "Zurich, CH"
	},
	"Middle_East&Africa": [
		{
			"img": "",
			"name": ""
		},
		{
			"img": "",
			"name": ""
		},
		{
			"img": "",
			"name": ""
		},
		{
			"img": "",
			"name": ""
		},
		{
			"img": "",
			"name": ""
		},
		{
			"img": "",
			"name": ""
		},
		{
			"img": "",
			"name": ""
		},
		{
			"img": "",
			"name": ""
		},
		{
			"img": "",
			"name": ""
		},
		{
			"img": "",
			"name": ""
		},
		{
			"img": "",
			"name": ""
		},
		{
			"img": "",
			"name": ""
		}
	],
	"Middle_East&Africa[0]": {
		"img": "/images/nationalFlag/DNS Lookup - Bunny Tools 9.png",
		"name": "Cairo, EG"
	},
	"Middle_East&Africa[1]": {
		"img": "/images/nationalFlag/DNS Lookup - Bunny Tools 8.png",
		"name": "Cape Town, SA"
	},
	"Middle_East&Africa[2]": {
		"img": "/images/nationalFlag/DNS Lookup - Bunny Tools 8.png",
		"name": "Johannesburg, ZA"
	},
	"Middle_East&Africa[3]": {
		"img": "/images/nationalFlag/DNS Lookup - Bunny Tools 7.png",
		"name": "Lagos, NG"
	},
	"Middle_East&Africa[4]": {
		"img": "/images/nationalFlag/DNS Lookup - Bunny Tools 6.png",
		"name": "Luanda, AO"
	},
	"Middle_East&Africa[5]": {
		"img": "/images/nationalFlag/DNS Lookup - Bunny Tools 5.png",
		"name": "Nairobi, KE"
	},
	"Middle_East&Africa[6]": {
		"img": "/images/nationalFlag/DNS Lookup - Bunny Tools 4.png",
		"name": "Baghdad 2, IQ"
	},
	"Middle_East&Africa[7]": {
		"img": "/images/nationalFlag/DNS Lookup - Bunny Tools 4.png",
		"name": "Baghdad, IQ"
	},
	"Middle_East&Africa[8]": {
		"img": "/images/nationalFlag/DNS Lookup - Bunny Tools 3.png",
		"name": "Bahrain, BH"
	},
	"Middle_East&Africa[9]": {
		"img": "/images/nationalFlag/DNS Lookup - Bunny Tools 2.png",
		"name": "Dubai, AE"
	},
	"Middle_East&Africa[10]": {
		"img": "/images/nationalFlag/DNS Lookup - Bunny Tools 2.png",
		"name": "Fujairah, UAE"
	},
	"Middle_East&Africa[11]": {
		"img": "/images/nationalFlag/DNS Lookup - Bunny Tools.png",
		"name": "Riyadh, SA"
	},
	"North_America": [
		{
			"img": "",
			"name": ""
		},
		{
			"img": "",
			"name": ""
		},
		{
			"img": "",
			"name": ""
		},
		{
			"img": "",
			"name": ""
		},
		{
			"img": "",
			"name": ""
		},
		{
			"img": "",
			"name": ""
		},
		{
			"img": "",
			"name": ""
		},
		{
			"img": "",
			"name": ""
		},
		{
			"img": "",
			"name": ""
		},
		{
			"img": "",
			"name": ""
		},
		{
			"img": "",
			"name": ""
		},
		{
			"img": "",
			"name": ""
		},
		{
			"img": "",
			"name": ""
		},
		{
			"img": "",
			"name": ""
		},
		{
			"img": "",
			"name": ""
		},
		{
			"img": "",
			"name": ""
		},
		{
			"img": "",
			"name": ""
		},
		{
			"img": "",
			"name": ""
		},
		{
			"img": "",
			"name": ""
		},
		{
			"img": "",
			"name": ""
		}
	],
	"North_America[0]": {
		"img": "/images/nationalFlag/DNS Lookup - Bunny Tools 79.png",
		"name": "Honolulu, HI"
	},
	"North_America[1]": {
		"img": "/images/nationalFlag/DNS Lookup - Bunny Tools 79.png",
		"name": "Ashburn, VA"
	},
	"North_America[2]": {
		"img": "/images/nationalFlag/DNS Lookup - Bunny Tools 79.png",
		"name": "Atlanta, GA"
	},
	"North_America[3]": {
		"img": "/images/nationalFlag/DNS Lookup - Bunny Tools 79.png",
		"name": "Boston, MA"
	},
	"North_America[4]": {
		"img": "/images/nationalFlag/DNS Lookup - Bunny Tools 79.png",
		"name": "Charlotte, NC"
	},
	"North_America[5]": {
		"img": "/images/nationalFlag/DNS Lookup - Bunny Tools 79.png",
		"name": "Chicago, IL"
	},
	"North_America[6]": {
		"img": "/images/nationalFlag/DNS Lookup - Bunny Tools 79.png",
		"name": "Dallas, TX"
	},
	"North_America[7]": {
		"img": "/images/nationalFlag/DNS Lookup - Bunny Tools 79.png",
		"name": "Houston, TX"
	},
	"North_America[8]": {
		"img": "/images/nationalFlag/DNS Lookup - Bunny Tools 79.png",
		"name": "Kansas City, MO"
	},
	"North_America[9]": {
		"img": "/images/nationalFlag/DNS Lookup - Bunny Tools 79.png",
		"name": "Los Angeles, CA"
	},
	"North_America[10]": {
		"img": "/images/nationalFlag/DNS Lookup - Bunny Tools 79.png",
		"name": "Miami, FL"
	},
	"North_America[11]": {
		"img": "/images/nationalFlag/DNS Lookup - Bunny Tools 79.png",
		"name": "Minneapolis, MN"
	},
	"North_America[12]": {
		"img": "/images/nationalFlag/DNS Lookup - Bunny Tools 78.png",
		"name": "Montreal, CA"
	},
	"North_America[13]": {
		"img": "/images/nationalFlag/DNS Lookup - Bunny Tools 79.png",
		"name": "New York City, NY"
	},
	"North_America[14]": {
		"img": "/images/nationalFlag/DNS Lookup - Bunny Tools 79.png",
		"name": "Ogden, UT"
	},
	"North_America[15]": {
		"img": "/images/nationalFlag/DNS Lookup - Bunny Tools 79.png",
		"name": "Phoenix, AZ"
	},
	"North_America[16]": {
		"img": "/images/nationalFlag/DNS Lookup - Bunny Tools 79.png",
		"name": "Pittsburgh, PA"
	},
	"North_America[17]": {
		"img": "/images/nationalFlag/DNS Lookup - Bunny Tools 79.png",
		"name": "San Jose, CA"
	},
	"North_America[18]": {
		"img": "/images/nationalFlag/DNS Lookup - Bunny Tools 79.png",
		"name": "Seattle, WA"
	},
	"North_America[19]": {
		"img": "/images/nationalFlag/DNS Lookup - Bunny Tools 78.png",
		"name": "Toronto, CA"
	},
	"Oceania": [
		{
			"img": "",
			"name": ""
		},
		{
			"img": "",
			"name": ""
		},
		{
			"img": "",
			"name": ""
		},
		{
			"img": "",
			"name": ""
		},
		{
			"img": "",
			"name": ""
		},
		{
			"img": "",
			"name": ""
		}
	],
	"Oceania[0]": {
		"img": "/images/nationalFlag/DNS Lookup - Bunny Tools 10.png",
		"name": "Adelaide, AU"
	},
	"Oceania[1]": {
		"img": "/images/nationalFlag/DNS Lookup - Bunny Tools 10.png",
		"name": "Auckland, NZ"
	},
	"Oceania[2]": {
		"img": "/images/nationalFlag/DNS Lookup - Bunny Tools 10.png",
		"name": "Brisbane, AU"
	},
	"Oceania[3]": {
		"img": "/images/nationalFlag/DNS Lookup - Bunny Tools 10.png",
		"name": "Melbourne, AU"
	},
	"Oceania[4]": {
		"img": "/images/nationalFlag/DNS Lookup - Bunny Tools 10.png",
		"name": "Perth, AU"
	},
	"Oceania[5]": {
		"img": "/images/nationalFlag/DNS Lookup - Bunny Tools 10.png",
		"name": "Sydney, SYD"
	},
	"South_America": [
		{
			"img": "",
			"name": ""
		},
		{
			"img": "",
			"name": ""
		},
		{
			"img": "",
			"name": ""
		},
		{
			"img": "",
			"name": ""
		},
		{
			"img": "",
			"name": ""
		},
		{
			"img": "",
			"name": ""
		},
		{
			"img": "",
			"name": ""
		},
		{
			"img": "",
			"name": ""
		},
		{
			"img": "",
			"name": ""
		},
		{
			"img": "",
			"name": ""
		},
		{
			"img": "",
			"name": ""
		},
		{
			"img": "",
			"name": ""
		},
		{
			"img": "",
			"name": ""
		},
		{
			"img": "",
			"name": ""
		},
		{
			"img": "",
			"name": ""
		},
		{
			"img": "",
			"name": ""
		},
		{
			"img": "",
			"name": ""
		}
	],
	"South_America[0]": {
		"img": "/images/nationalFlag/DNS Lookup - Bunny Tools 21.png",
		"name": "Brasilia, BR"
	},
	"South_America[1]": {
		"img": "/images/nationalFlag/DNS Lookup - Bunny Tools 21.png",
		"name": "Fortaleza, BR"
	},
	"South_America[2]": {
		"img": "/images/nationalFlag/DNS Lookup - Bunny Tools 20.png",
		"name": "Guatemala, GT"
	},
	"South_America[3]": {
		"img": "/images/nationalFlag/DNS Lookup - Bunny Tools 19.png",
		"name": "Mexico City, MX"
	},
	"South_America[4]": {
		"img": "/images/nationalFlag/DNS Lookup - Bunny Tools 21.png",
		"name": "Porto Alegre, BR"
	},
	"South_America[5]": {
		"img": "/images/nationalFlag/DNS Lookup - Bunny Tools 18.png",
		"name": "San Juan, PR"
	},
	"South_America[6]": {
		"img": "/images/nationalFlag/DNS Lookup - Bunny Tools 17.png",
		"name": "San Pedro, CR"
	},
	"South_America[7]": {
		"img": "/images/nationalFlag/DNS Lookup - Bunny Tools 16.png",
		"name": "Bogota, SA"
	},
	"South_America[8]": {
		"img": "/images/nationalFlag/DNS Lookup - Bunny Tools 15.png",
		"name": "Buenos Aires, AR"
	},
	"South_America[9]": {
		"img": "/images/nationalFlag/DNS Lookup - Bunny Tools 21.png",
		"name": "Curitiba, BR"
	},
	"South_America[10]": {
		"img": "/images/nationalFlag/DNS Lookup - Bunny Tools 14.png",
		"name": "La Paz, BO"
	},
	"South_America[11]": {
		"img": "/images/nationalFlag/DNS Lookup - Bunny Tools 13.png",
		"name": "Lima, PE"
	},
	"South_America[12]": {
		"img": "/images/nationalFlag/DNS Lookup - Bunny Tools 12.png",
		"name": "Quito, EC"
	},
	"South_America[13]": {
		"img": "/images/nationalFlag/DNS Lookup - Bunny Tools 21.png",
		"name": "Rio de Janeiro, BR"
	},
	"South_America[14]": {
		"img": "/images/nationalFlag/DNS Lookup - Bunny Tools 21.png",
		"name": "Salvador, BR"
	},
	"South_America[15]": {
		"img": "/images/nationalFlag/DNS Lookup - Bunny Tools 11.png",
		"name": "Santiago, CL"
	},
	"South_America[16]": {
		"img": "/images/nationalFlag/DNS Lookup - Bunny Tools 21.png",
		"name": "Sao Paulo, BR"
	}
}
